rank,compound_id,vina_score_kcal_mol,class,measured_potency_nM
1,CHEMBL39161,-8.01,active,602.56
2,CHEMBL17645,-7.98,decoy,
3,CHEMBL5076256,-7.86,active,49.0
4,CHEMBL12801,-7.66,decoy,
5,CHEMBL17521,-7.61,decoy,
6,CHEMBL274781,-7.59,decoy,
7,CHEMBL17515,-7.58,decoy,
8,CHEMBL13120,-7.57,decoy,
9,CHEMBL17225,-7.53,decoy,
10,CHEMBL6218,-7.53,decoy,
11,CHEMBL5084365,-7.5,active,47.0
12,CHEMBL556465,-7.46,active,200.0
13,CHEMBL276206,-7.4,decoy,
14,CHEMBL12312,-7.38,decoy,
15,CHEMBL12662,-7.38,decoy,
16,CHEMBL273982,-7.38,decoy,
17,CHEMBL17911,-7.37,decoy,
18,CHEMBL10871,-7.35,decoy,
19,CHEMBL267386,-7.35,decoy,
20,CHEMBL440084,-7.34,decoy,
21,CHEMBL13032,-7.28,decoy,
22,CHEMBL11341,-7.27,decoy,
23,CHEMBL17254,-7.26,decoy,
24,CHEMBL17344,-7.26,decoy,
25,CHEMBL17781,-7.25,decoy,
26,CHEMBL269341,-7.25,decoy,
27,CHEMBL441598,-7.25,decoy,
28,CHEMBL17475,-7.24,decoy,
29,CHEMBL12933,-7.22,decoy,
30,CHEMBL418549,-7.2,decoy,
31,CHEMBL10914,-7.19,decoy,
32,CHEMBL267555,-7.19,decoy,
33,CHEMBL17505,-7.18,decoy,
34,CHEMBL12491,-7.17,decoy,
35,CHEMBL26804,-7.17,decoy,
36,CHEMBL3233094,-7.16,active,8200.0
37,CHEMBL6321,-7.16,decoy,
38,CHEMBL273452,-7.15,decoy,
39,CHEMBL273421,-7.13,decoy,
40,CHEMBL6250,-7.1,decoy,
41,CHEMBL283211,-7.09,decoy,
42,CHEMBL9682,-7.09,decoy,
43,CHEMBL105708,-7.08,active,274.0
44,CHEMBL3907022,-7.08,active,0.44
45,CHEMBL6279,-7.08,decoy,
46,CHEMBL268051,-7.05,decoy,
47,CHEMBL428493,-7.03,decoy,
48,CHEMBL430280,-7.02,decoy,
49,CHEMBL12533,-7.0,decoy,
50,CHEMBL267228,-7.0,decoy,
51,CHEMBL7939,-7.0,decoy,
52,CHEMBL6351,-6.97,decoy,
53,CHEMBL7640,-6.97,decoy,
54,CHEMBL9332,-6.96,decoy,
55,CHEMBL4557939,-6.95,active,0.8
56,CHEMBL12908,-6.95,decoy,
57,CHEMBL14872,-6.95,decoy,
58,CHEMBL15850,-6.95,decoy,
59,CHEMBL6332,-6.95,decoy,
60,CHEMBL1079068,-6.94,active,6000.0
61,CHEMBL17500,-6.94,decoy,
62,CHEMBL12868,-6.92,decoy,
63,CHEMBL15560,-6.92,decoy,
64,CHEMBL9572,-6.92,decoy,
65,CHEMBL7941,-6.91,decoy,
66,CHEMBL7352,-6.9,decoy,
67,CHEMBL7914,-6.9,decoy,
68,CHEMBL9728,-6.89,decoy,
69,CHEMBL266457,-6.88,decoy,
70,CHEMBL578161,-6.87,active,1410.0
71,CHEMBL6348,-6.87,decoy,
72,CHEMBL268888,-6.86,decoy,
73,CHEMBL418338,-6.86,decoy,
74,CHEMBL2402103,-6.85,active,1200.0
75,CHEMBL4522247,-6.85,active,4.009
76,CHEMBL266960,-6.85,decoy,
77,CHEMBL268013,-6.85,decoy,
78,CHEMBL268868,-6.85,decoy,
79,CHEMBL417998,-6.85,decoy,
80,CHEMBL11285,-6.84,decoy,
81,CHEMBL6358,-6.84,decoy,
82,CHEMBL275009,-6.83,decoy,
83,CHEMBL441172,-6.83,decoy,
84,CHEMBL6328,-6.83,decoy,
85,CHEMBL10986,-6.82,decoy,
86,CHEMBL275278,-6.82,decoy,
87,CHEMBL278238,-6.82,decoy,
88,CHEMBL567783,-6.81,active,1.0
89,CHEMBL276014,-6.81,decoy,
90,CHEMBL413090,-6.81,decoy,
91,CHEMBL10,-6.8,decoy,
92,CHEMBL10805,-6.8,decoy,
93,CHEMBL268768,-6.8,decoy,
94,CHEMBL14246,-6.79,decoy,
95,CHEMBL17139,-6.79,decoy,
96,CHEMBL266969,-6.79,decoy,
97,CHEMBL7550,-6.79,decoy,
98,CHEMBL7810,-6.79,decoy,
99,CHEMBL12259,-6.78,decoy,
100,CHEMBL267549,-6.78,decoy,
101,CHEMBL267775,-6.77,decoy,
102,CHEMBL273385,-6.77,decoy,
103,CHEMBL276261,-6.77,decoy,
104,CHEMBL31294,-6.77,decoy,
105,CHEMBL263077,-6.76,decoy,
106,CHEMBL273525,-6.76,decoy,
107,CHEMBL6268,-6.76,decoy,
108,CHEMBL9836,-6.76,decoy,
109,CHEMBL17068,-6.75,decoy,
110,CHEMBL267126,-6.75,decoy,
111,CHEMBL10853,-6.74,decoy,
112,CHEMBL14300,-6.74,decoy,
113,CHEMBL276734,-6.74,decoy,
114,CHEMBL9348,-6.74,decoy,
115,CHEMBL128135,-6.73,active,0.44
116,CHEMBL4857068,-6.73,active,10000.0
117,CHEMBL12656,-6.73,decoy,
118,CHEMBL17483,-6.73,decoy,
119,CHEMBL9476,-6.73,decoy,
120,CHEMBL6175693,-6.72,active,28.0
121,CHEMBL11088,-6.72,decoy,
122,CHEMBL14046,-6.72,decoy,
123,CHEMBL17636,-6.72,decoy,
124,CHEMBL17576,-6.71,decoy,
125,CHEMBL12429,-6.7,decoy,
126,CHEMBL20635,-6.7,decoy,
127,CHEMBL275893,-6.7,decoy,
128,CHEMBL276094,-6.7,decoy,
129,CHEMBL9411,-6.7,decoy,
130,CHEMBL1078981,-6.69,active,5000.0
131,CHEMBL14157,-6.69,decoy,
132,CHEMBL273732,-6.69,decoy,
133,CHEMBL6274,-6.68,decoy,
134,CHEMBL4467498,-6.67,active,38.78
135,CHEMBL17745,-6.67,decoy,
136,CHEMBL278498,-6.67,decoy,
137,CHEMBL278955,-6.67,decoy,
138,CHEMBL9891,-6.67,decoy,
139,CHEMBL568171,-6.66,active,4.0
140,CHEMBL12834,-6.66,decoy,
141,CHEMBL17437,-6.66,decoy,
142,CHEMBL275937,-6.66,decoy,
143,CHEMBL6254,-6.65,decoy,
144,CHEMBL6344,-6.64,decoy,
145,CHEMBL275262,-6.63,decoy,
146,CHEMBL280879,-6.63,decoy,
147,CHEMBL3329519,-6.62,active,40.0
148,CHEMBL17334,-6.62,decoy,
149,CHEMBL273951,-6.62,decoy,
150,CHEMBL415966,-6.62,decoy,
151,CHEMBL430140,-6.62,decoy,
152,CHEMBL6342,-6.62,decoy,
153,CHEMBL279535,-6.6,decoy,
154,CHEMBL6366,-6.6,decoy,
155,CHEMBL9726,-6.6,decoy,
156,CHEMBL266484,-6.59,decoy,
157,CHEMBL273371,-6.59,decoy,
158,CHEMBL9686,-6.59,decoy,
159,CHEMBL15637,-6.58,decoy,
160,CHEMBL416334,-6.58,decoy,
161,CHEMBL3329520,-6.57,active,4800.0
162,CHEMBL6336,-6.55,decoy,
163,CHEMBL14071,-6.54,decoy,
164,CHEMBL15809,-6.54,decoy,
165,CHEMBL268798,-6.54,decoy,
166,CHEMBL414196,-6.54,decoy,
167,CHEMBL9678,-6.54,decoy,
168,CHEMBL11206,-6.53,decoy,
169,CHEMBL21255,-6.53,decoy,
170,CHEMBL6252,-6.53,decoy,
171,CHEMBL566924,-6.52,active,2.0
172,CHEMBL7809,-6.52,decoy,
173,CHEMBL8063,-6.52,decoy,
174,CHEMBL4212454,-6.51,active,1.585
175,CHEMBL15816,-6.51,decoy,
176,CHEMBL14026,-6.5,decoy,
177,CHEMBL17469,-6.5,decoy,
178,CHEMBL269339,-6.5,decoy,
179,CHEMBL7368,-6.5,decoy,
180,CHEMBL4543467,-6.49,active,79.43
181,CHEMBL567147,-6.49,active,30.0
182,CHEMBL267303,-6.49,decoy,
183,CHEMBL281851,-6.49,decoy,
184,CHEMBL9668,-6.49,decoy,
185,CHEMBL12408,-6.48,decoy,
186,CHEMBL12535,-6.48,decoy,
187,CHEMBL276027,-6.48,decoy,
188,CHEMBL281618,-6.47,decoy,
189,CHEMBL6329,-6.47,decoy,
190,CHEMBL12314,-6.46,decoy,
191,CHEMBL12358,-6.46,decoy,
192,CHEMBL273687,-6.46,decoy,
193,CHEMBL275707,-6.46,decoy,
194,CHEMBL429379,-6.46,decoy,
195,CHEMBL7940,-6.46,decoy,
196,CHEMBL13053,-6.45,decoy,
197,CHEMBL275154,-6.45,decoy,
198,CHEMBL6243,-6.45,decoy,
199,CHEMBL12224,-6.43,decoy,
200,CHEMBL267543,-6.43,decoy,
201,CHEMBL9558,-6.43,decoy,
202,CHEMBL4754896,-6.42,active,3162.28
203,CHEMBL567785,-6.42,active,2.0
204,CHEMBL12290,-6.42,decoy,
205,CHEMBL264721,-6.42,decoy,
206,CHEMBL268529,-6.42,decoy,
207,CHEMBL6236,-6.42,decoy,
208,CHEMBL7974,-6.42,decoy,
209,CHEMBL267864,-6.41,decoy,
210,CHEMBL8934,-6.41,decoy,
211,CHEMBL10114,-6.4,decoy,
212,CHEMBL12417,-6.4,decoy,
213,CHEMBL268292,-6.4,decoy,
214,CHEMBL6235,-6.4,decoy,
215,CHEMBL6363,-6.4,decoy,
216,CHEMBL10839,-6.39,decoy,
217,CHEMBL278234,-6.39,decoy,
218,CHEMBL6240,-6.39,decoy,
219,CHEMBL8067,-6.39,decoy,
220,CHEMBL4788271,-6.38,active,5011.87
221,CHEMBL269496,-6.38,decoy,
222,CHEMBL6238,-6.38,decoy,
223,CHEMBL9517,-6.38,decoy,
224,CHEMBL4473385,-6.37,active,1.585
225,CHEMBL12797,-6.37,decoy,
226,CHEMBL20659,-6.37,decoy,
227,CHEMBL21057,-6.37,decoy,
228,CHEMBL281825,-6.37,decoy,
229,CHEMBL6222,-6.37,decoy,
230,CHEMBL6339,-6.37,decoy,
231,CHEMBL7775,-6.37,decoy,
232,CHEMBL7783,-6.36,decoy,
233,CHEMBL7975,-6.36,decoy,
234,CHEMBL266462,-6.35,decoy,
235,CHEMBL267251,-6.35,decoy,
236,CHEMBL417065,-6.35,decoy,
237,CHEMBL417066,-6.35,decoy,
238,CHEMBL6230,-6.35,decoy,
239,CHEMBL9551,-6.35,decoy,
240,CHEMBL12546,-6.34,decoy,
241,CHEMBL268891,-6.34,decoy,
242,CHEMBL422213,-6.34,decoy,
243,CHEMBL440270,-6.34,decoy,
244,CHEMBL14091,-6.33,decoy,
245,CHEMBL273527,-6.33,decoy,
246,CHEMBL429008,-6.33,decoy,
247,CHEMBL7704,-6.33,decoy,
248,CHEMBL10829,-6.32,decoy,
249,CHEMBL12485,-6.32,decoy,
250,CHEMBL14179,-6.32,decoy,
251,CHEMBL266081,-6.32,decoy,
252,CHEMBL269664,-6.32,decoy,
253,CHEMBL275333,-6.32,decoy,
254,CHEMBL7785,-6.32,decoy,
255,CHEMBL9208,-6.32,decoy,
256,CHEMBL578162,-6.31,active,0.3
257,CHEMBL12304,-6.31,decoy,
258,CHEMBL12714,-6.31,decoy,
259,CHEMBL14202,-6.31,decoy,
260,CHEMBL6262,-6.31,decoy,
261,CHEMBL21203,-6.3,decoy,
262,CHEMBL268769,-6.3,decoy,
263,CHEMBL276605,-6.3,decoy,
264,CHEMBL6214,-6.3,decoy,
265,CHEMBL9641,-6.29,decoy,
266,CHEMBL567340,-6.28,active,1.0
267,CHEMBL267628,-6.28,decoy,
268,CHEMBL276670,-6.28,decoy,
269,CHEMBL11097,-6.27,decoy,
270,CHEMBL274037,-6.27,decoy,
271,CHEMBL280208,-6.27,decoy,
272,CHEMBL30241,-6.27,decoy,
273,CHEMBL428889,-6.27,decoy,
274,CHEMBL10830,-6.26,decoy,
275,CHEMBL14378,-6.26,decoy,
276,CHEMBL20006,-6.26,decoy,
277,CHEMBL265667,-6.26,decoy,
278,CHEMBL269663,-6.26,decoy,
279,CHEMBL275034,-6.26,decoy,
280,CHEMBL279587,-6.26,decoy,
281,CHEMBL279615,-6.26,decoy,
282,CHEMBL6291,-6.26,decoy,
283,CHEMBL6362,-6.26,decoy,
284,CHEMBL17479,-6.25,decoy,
285,CHEMBL415974,-6.25,decoy,
286,CHEMBL9618,-6.25,decoy,
287,CHEMBL9619,-6.25,decoy,
288,CHEMBL20311,-6.24,decoy,
289,CHEMBL20983,-6.24,decoy,
290,CHEMBL276248,-6.24,decoy,
291,CHEMBL277348,-6.24,decoy,
292,CHEMBL6272,-6.24,decoy,
293,CHEMBL12409,-6.23,decoy,
294,CHEMBL13989,-6.23,decoy,
295,CHEMBL275730,-6.23,decoy,
296,CHEMBL276629,-6.23,decoy,
297,CHEMBL30134,-6.23,decoy,
298,CHEMBL567341,-6.22,active,0.2
299,CHEMBL10696,-6.22,decoy,
300,CHEMBL12484,-6.22,decoy,
301,CHEMBL276406,-6.22,decoy,
302,CHEMBL6226,-6.22,decoy,
303,CHEMBL6340,-6.22,decoy,
304,CHEMBL7908,-6.22,decoy,
305,CHEMBL275546,-6.21,decoy,
306,CHEMBL275554,-6.21,decoy,
307,CHEMBL6349,-6.2,decoy,
308,CHEMBL14112,-6.19,decoy,
309,CHEMBL17553,-6.19,decoy,
310,CHEMBL266553,-6.19,decoy,
311,CHEMBL274897,-6.19,decoy,
312,CHEMBL20711,-6.18,decoy,
313,CHEMBL266161,-6.18,decoy,
314,CHEMBL195454,-6.17,active,1.8
315,CHEMBL12389,-6.17,decoy,
316,CHEMBL275680,-6.17,decoy,
317,CHEMBL7501,-6.17,decoy,
318,CHEMBL7934,-6.17,decoy,
319,CHEMBL266865,-6.16,decoy,
320,CHEMBL275177,-6.16,decoy,
321,CHEMBL8179,-6.16,decoy,
322,CHEMBL9549,-6.16,decoy,
323,CHEMBL4451757,-6.15,active,1.585
324,CHEMBL12523,-6.15,decoy,
325,CHEMBL267096,-6.15,decoy,
326,CHEMBL9586,-6.15,decoy,
327,CHEMBL12707,-6.14,decoy,
328,CHEMBL268528,-6.14,decoy,
329,CHEMBL7502,-6.14,decoy,
330,CHEMBL9699,-6.14,decoy,
331,CHEMBL12844,-6.13,decoy,
332,CHEMBL17328,-6.13,decoy,
333,CHEMBL268889,-6.13,decoy,
334,CHEMBL6287,-6.13,decoy,
335,CHEMBL9635,-6.13,decoy,
336,CHEMBL5437573,-6.12,active,2.86
337,CHEMBL13049,-6.12,decoy,
338,CHEMBL263076,-6.12,decoy,
339,CHEMBL4741557,-6.11,active,1584.89
340,CHEMBL12422,-6.11,decoy,
341,CHEMBL6299,-6.11,decoy,
342,CHEMBL11156,-6.1,decoy,
343,CHEMBL15803,-6.1,decoy,
344,CHEMBL274828,-6.1,decoy,
345,CHEMBL1290191,-6.09,active,2.0
346,CHEMBL6265,-6.09,decoy,
347,CHEMBL9409,-6.09,decoy,
348,CHEMBL11064,-6.08,decoy,
349,CHEMBL13798,-6.08,decoy,
350,CHEMBL2,-6.08,decoy,
351,CHEMBL268754,-6.08,decoy,
352,CHEMBL276596,-6.08,decoy,
353,CHEMBL282225,-6.08,decoy,
354,CHEMBL423287,-6.08,decoy,
355,CHEMBL276102,-6.07,decoy,
356,CHEMBL20274,-6.06,decoy,
357,CHEMBL6256,-6.06,decoy,
358,CHEMBL12654,-6.05,decoy,
359,CHEMBL268887,-6.05,decoy,
360,CHEMBL8132,-6.05,decoy,
361,CHEMBL9543,-6.05,decoy,
362,CHEMBL275790,-6.04,decoy,
363,CHEMBL415034,-6.04,decoy,
364,CHEMBL275555,-6.03,decoy,
365,CHEMBL281823,-6.03,decoy,
366,CHEMBL6,-6.03,decoy,
367,CHEMBL6209,-6.03,decoy,
368,CHEMBL7826,-6.03,decoy,
369,CHEMBL8,-6.03,decoy,
370,CHEMBL9740,-6.03,decoy,
371,CHEMBL266483,-6.01,decoy,
372,CHEMBL267236,-6.01,decoy,
373,CHEMBL7962,-6.01,decoy,
374,CHEMBL12909,-6.0,decoy,
375,CHEMBL283340,-6.0,decoy,
376,CHEMBL9152,-6.0,decoy,
377,CHEMBL9662,-6.0,decoy,
378,CHEMBL11149,-5.99,decoy,
379,CHEMBL13674,-5.99,decoy,
380,CHEMBL427651,-5.99,decoy,
381,CHEMBL4760625,-5.98,active,19.95
382,CHEMBL204146,-5.98,decoy,
383,CHEMBL30074,-5.98,decoy,
384,CHEMBL430151,-5.98,decoy,
385,CHEMBL12624,-5.97,decoy,
386,CHEMBL12950,-5.97,decoy,
387,CHEMBL20290,-5.97,decoy,
388,CHEMBL268428,-5.97,decoy,
389,CHEMBL276356,-5.97,decoy,
390,CHEMBL283437,-5.97,decoy,
391,CHEMBL9303,-5.97,decoy,
392,CHEMBL12403,-5.96,decoy,
393,CHEMBL17235,-5.96,decoy,
394,CHEMBL266809,-5.96,decoy,
395,CHEMBL276049,-5.96,decoy,
396,CHEMBL276173,-5.96,decoy,
397,CHEMBL8032,-5.96,decoy,
398,CHEMBL9872,-5.96,decoy,
399,CHEMBL266780,-5.95,decoy,
400,CHEMBL283037,-5.95,decoy,
401,CHEMBL6275,-5.95,decoy,
402,CHEMBL6365,-5.95,decoy,
403,CHEMBL7629,-5.95,decoy,
404,CHEMBL7808,-5.95,decoy,
405,CHEMBL9413,-5.95,decoy,
406,CHEMBL9715,-5.95,decoy,
407,CHEMBL5394366,-5.94,active,3.34
408,CHEMBL577121,-5.94,active,0.4
409,CHEMBL12513,-5.94,decoy,
410,CHEMBL417809,-5.94,decoy,
411,CHEMBL275698,-5.93,decoy,
412,CHEMBL6364,-5.93,decoy,
413,CHEMBL265663,-5.92,decoy,
414,CHEMBL266706,-5.92,decoy,
415,CHEMBL8889,-5.92,decoy,
416,CHEMBL9730,-5.92,decoy,
417,CHEMBL15608,-5.91,decoy,
418,CHEMBL7637,-5.91,decoy,
419,CHEMBL14654,-5.9,decoy,
420,CHEMBL274830,-5.9,decoy,
421,CHEMBL276255,-5.9,decoy,
422,CHEMBL9350,-5.9,decoy,
423,CHEMBL15341,-5.89,decoy,
424,CHEMBL266281,-5.88,decoy,
425,CHEMBL6331,-5.88,decoy,
426,CHEMBL7990,-5.88,decoy,
427,CHEMBL8102,-5.88,decoy,
428,CHEMBL15273,-5.87,decoy,
429,CHEMBL13593,-5.86,decoy,
430,CHEMBL14521,-5.86,decoy,
431,CHEMBL15835,-5.86,decoy,
432,CHEMBL17187,-5.86,decoy,
433,CHEMBL21144,-5.86,decoy,
434,CHEMBL263075,-5.86,decoy,
435,CHEMBL267062,-5.86,decoy,
436,CHEMBL440453,-5.86,decoy,
437,CHEMBL561,-5.86,decoy,
438,CHEMBL6199,-5.86,decoy,
439,CHEMBL9,-5.86,decoy,
440,CHEMBL280236,-5.85,decoy,
441,CHEMBL473,-5.85,decoy,
442,CHEMBL7339,-5.85,decoy,
443,CHEMBL7716,-5.85,decoy,
444,CHEMBL15949,-5.84,decoy,
445,CHEMBL15993,-5.84,decoy,
446,CHEMBL17147,-5.84,decoy,
447,CHEMBL268559,-5.84,decoy,
448,CHEMBL265664,-5.83,decoy,
449,CHEMBL10995,-5.82,decoy,
450,CHEMBL15893,-5.82,decoy,
451,CHEMBL9279,-5.82,decoy,
452,CHEMBL12755,-5.81,decoy,
453,CHEMBL15787,-5.81,decoy,
454,CHEMBL277299,-5.81,decoy,
455,CHEMBL429244,-5.81,decoy,
456,CHEMBL4792937,-5.8,active,39.81
457,CHEMBL15530,-5.8,decoy,
458,CHEMBL267895,-5.8,decoy,
459,CHEMBL278288,-5.8,decoy,
460,CHEMBL7893,-5.8,decoy,
461,CHEMBL9943,-5.8,decoy,
462,CHEMBL20980,-5.79,decoy,
463,CHEMBL267914,-5.79,decoy,
464,CHEMBL268479,-5.79,decoy,
465,CHEMBL6277,-5.79,decoy,
466,CHEMBL6345,-5.79,decoy,
467,CHEMBL12264,-5.78,decoy,
468,CHEMBL17441,-5.78,decoy,
469,CHEMBL267678,-5.78,decoy,
470,CHEMBL268830,-5.78,decoy,
471,CHEMBL6210,-5.78,decoy,
472,CHEMBL11299,-5.77,decoy,
473,CHEMBL265374,-5.77,decoy,
474,CHEMBL274064,-5.77,decoy,
475,CHEMBL275783,-5.77,decoy,
476,CHEMBL9489,-5.77,decoy,
477,CHEMBL11331,-5.76,decoy,
478,CHEMBL276603,-5.76,decoy,
479,CHEMBL418547,-5.76,decoy,
480,CHEMBL6225,-5.76,decoy,
481,CHEMBL15992,-5.75,decoy,
482,CHEMBL267358,-5.75,decoy,
483,CHEMBL7747,-5.75,decoy,
484,CHEMBL266461,-5.74,decoy,
485,CHEMBL266707,-5.74,decoy,
486,CHEMBL276473,-5.74,decoy,
487,CHEMBL440644,-5.74,decoy,
488,CHEMBL6312,-5.74,decoy,
489,CHEMBL7772,-5.74,decoy,
490,CHEMBL15598,-5.73,decoy,
491,CHEMBL9591,-5.73,decoy,
492,CHEMBL12357,-5.72,decoy,
493,CHEMBL12678,-5.72,decoy,
494,CHEMBL7935,-5.72,decoy,
495,CHEMBL5079418,-5.71,active,0.5
496,CHEMBL567137,-5.71,active,890.0
497,CHEMBL7807,-5.71,decoy,
498,CHEMBL106,-5.69,decoy,
499,CHEMBL266993,-5.69,decoy,
500,CHEMBL267434,-5.69,decoy,
501,CHEMBL7567,-5.69,decoy,
502,CHEMBL10828,-5.68,decoy,
503,CHEMBL14514,-5.68,decoy,
504,CHEMBL16140,-5.68,decoy,
505,CHEMBL5,-5.68,decoy,
506,CHEMBL413593,-5.67,decoy,
507,CHEMBL414006,-5.67,decoy,
508,CHEMBL12837,-5.65,decoy,
509,CHEMBL276886,-5.65,decoy,
510,CHEMBL182790,-5.62,active,30.0
511,CHEMBL12434,-5.62,decoy,
512,CHEMBL15552,-5.62,decoy,
513,CHEMBL4565840,-5.61,active,0.631
514,CHEMBL7381,-5.61,decoy,
515,CHEMBL10818,-5.6,decoy,
516,CHEMBL275451,-5.6,decoy,
517,CHEMBL7917,-5.6,decoy,
518,CHEMBL6273,-5.59,decoy,
519,CHEMBL14532,-5.58,decoy,
520,CHEMBL277722,-5.58,decoy,
521,CHEMBL429764,-5.58,decoy,
522,CHEMBL7659,-5.58,decoy,
523,CHEMBL7849,-5.58,decoy,
524,CHEMBL604281,-5.57,active,1.995
525,CHEMBL6201,-5.57,decoy,
526,CHEMBL7556,-5.57,decoy,
527,CHEMBL14029,-5.56,decoy,
528,CHEMBL276898,-5.56,decoy,
529,CHEMBL418339,-5.56,decoy,
530,CHEMBL441590,-5.56,decoy,
531,CHEMBL562,-5.56,decoy,
532,CHEMBL4217414,-5.55,active,1.585
533,CHEMBL275453,-5.55,decoy,
534,CHEMBL8938,-5.55,decoy,
535,CHEMBL430343,-5.53,decoy,
536,CHEMBL6282,-5.52,decoy,
537,CHEMBL268530,-5.51,decoy,
538,CHEMBL415287,-5.51,decoy,
539,CHEMBL13219,-5.5,decoy,
540,CHEMBL275476,-5.5,decoy,
541,CHEMBL6289,-5.5,decoy,
542,CHEMBL9849,-5.5,decoy,
543,CHEMBL11368,-5.49,decoy,
544,CHEMBL275036,-5.49,decoy,
545,CHEMBL13909,-5.47,decoy,
546,CHEMBL267550,-5.47,decoy,
547,CHEMBL277104,-5.47,decoy,
548,CHEMBL7850,-5.47,decoy,
549,CHEMBL15710,-5.46,decoy,
550,CHEMBL17744,-5.46,decoy,
551,CHEMBL269495,-5.46,decoy,
552,CHEMBL430296,-5.46,decoy,
553,CHEMBL6204,-5.45,decoy,
554,CHEMBL276598,-5.44,decoy,
555,CHEMBL14215,-5.43,decoy,
556,CHEMBL417424,-5.43,decoy,
557,CHEMBL496,-5.42,decoy,
558,CHEMBL266614,-5.41,decoy,
559,CHEMBL8094,-5.41,decoy,
560,CHEMBL14535,-5.39,decoy,
561,CHEMBL20121,-5.39,decoy,
562,CHEMBL7546,-5.38,decoy,
563,CHEMBL9234,-5.37,decoy,
564,CHEMBL9942,-5.37,decoy,
565,CHEMBL6311,-5.36,decoy,
566,CHEMBL267127,-5.35,decoy,
567,CHEMBL11419,-5.34,decoy,
568,CHEMBL6221,-5.33,decoy,
569,CHEMBL11162,-5.32,decoy,
570,CHEMBL14294,-5.32,decoy,
571,CHEMBL30360,-5.32,decoy,
572,CHEMBL417975,-5.32,decoy,
573,CHEMBL13992,-5.31,decoy,
574,CHEMBL6251,-5.31,decoy,
575,CHEMBL9685,-5.3,decoy,
576,CHEMBL267744,-5.28,decoy,
577,CHEMBL31450,-5.28,decoy,
578,CHEMBL9710,-5.28,decoy,
579,CHEMBL6286,-5.27,decoy,
580,CHEMBL9660,-5.27,decoy,
581,CHEMBL12256,-5.26,decoy,
582,CHEMBL274412,-5.26,decoy,
583,CHEMBL6301,-5.26,decoy,
584,CHEMBL9143,-5.26,decoy,
585,CHEMBL10574,-5.25,decoy,
586,CHEMBL274543,-5.25,decoy,
587,CHEMBL30289,-5.25,decoy,
588,CHEMBL14307,-5.24,decoy,
589,CHEMBL275994,-5.24,decoy,
590,CHEMBL14533,-5.22,decoy,
591,CHEMBL30292,-5.21,decoy,
592,CHEMBL416895,-5.21,decoy,
593,CHEMBL273599,-5.17,decoy,
594,CHEMBL6229,-5.16,decoy,
595,CHEMBL273958,-5.14,decoy,
596,CHEMBL6309,-5.14,decoy,
597,CHEMBL17466,-5.13,decoy,
598,CHEMBL274281,-5.13,decoy,
599,CHEMBL276896,-5.13,decoy,
600,CHEMBL7549,-5.12,decoy,
601,CHEMBL13943,-5.09,decoy,
602,CHEMBL274622,-5.06,decoy,
603,CHEMBL11092,-5.05,decoy,
604,CHEMBL12796,-5.05,decoy,
605,CHEMBL5197613,-5.04,active,2.5
606,CHEMBL17354,-5.04,decoy,
607,CHEMBL9688,-5.03,decoy,
608,CHEMBL273416,-5.02,decoy,
609,CHEMBL415964,-5.01,decoy,
610,CHEMBL429009,-5.0,decoy,
611,CHEMBL11158,-4.99,decoy,
612,CHEMBL9457,-4.99,decoy,
613,CHEMBL267575,-4.97,decoy,
614,CHEMBL273446,-4.97,decoy,
615,CHEMBL12919,-4.93,decoy,
616,CHEMBL279139,-4.93,decoy,
617,CHEMBL440788,-4.93,decoy,
618,CHEMBL277810,-4.92,decoy,
619,CHEMBL281645,-4.92,decoy,
620,CHEMBL276751,-4.9,decoy,
621,CHEMBL418159,-4.9,decoy,
622,CHEMBL10941,-4.88,decoy,
623,CHEMBL12553,-4.87,decoy,
624,CHEMBL6248,-4.87,decoy,
625,CHEMBL17872,-4.86,decoy,
626,CHEMBL12651,-4.83,decoy,
627,CHEMBL281967,-4.83,decoy,
628,CHEMBL12637,-4.79,decoy,
629,CHEMBL266629,-4.75,decoy,
630,CHEMBL9735,-4.75,decoy,
631,CHEMBL15922,-4.73,decoy,
632,CHEMBL12895,-4.72,decoy,
633,CHEMBL11043,-4.68,decoy,
634,CHEMBL12687,-4.68,decoy,
635,CHEMBL273293,-4.65,decoy,
636,CHEMBL275279,-4.65,decoy,
637,CHEMBL268052,-4.55,decoy,
638,CHEMBL90181,-4.44,active,1900.0
639,CHEMBL278257,-4.26,decoy,
